word1,word2,word3,word4,word5,word6,word7,word8,word9,word10
april,thank,get,!!!,stuff,ğŸ¥‘,!!,food,,shirt
april,thank,get,,food,shirt,wifi,,!!!,stuff
thank,!!,food,get,shirt,wifi,,ğŸ©,april,â›½
april,shirt,food,thank,â›½,wifi,venmo_dollar,get,ğŸ¥‘,!!!
april,thank,,get,food,shirt,wifi,!!,â›½,!!!
april,food,thank,shirt,get,wifi,!!,!!!,ğŸ©,
food,thank,shirt,stuff,get,wifi,,april,ğŸ¥‘,ğŸ©
thank,!!,april,get,food,,stuff,back,!!!,ğŸ©
get,thank,food,april,!!,!!!,stuff,shirt,,ğŸ¥‘
food,!!,shirt,april,!!!,thank,stuff,get,wifi,ğŸ¥‘
